title,url,snippet,source,position,search_query,category,perspective,collection_timestamp
How Federal Agencies Are Increasing Access to Voting,https://www.brennancenter.org/our-work/research-reports/how-federal-agencies-are-increasing-access-voting,"Drawing on the spirit of the Voting Rights Act, President Biden's executive order taps federal agencies to expand voter registration.",,1,Democratic policies on expanding voting access,pro_democratic,democratic_perspective,2025-07-08T19:23:09.754999
Support the Expansion of Voting Rights | League of Women Voters,https://www.lwv.org/take-action/support-expansion-voting-rights,Increased accessibility to the electoral process ensures that every eligible voter can exercise their right to vote. Congress must know how the people feel: ...,,2,Democratic policies on expanding voting access,pro_democratic,democratic_perspective,2025-07-08T19:23:09.755030
How States Can Expand Voting Access | Indivisible,https://indivisible.org/resource/how-states-can-expand-voting-access,This guide focuses on progressive policies that will help you go on the offense and expand voting rights in your state.,,3,Democratic policies on expanding voting access,pro_democratic,democratic_perspective,2025-07-08T19:23:09.755033
Voting Reform | Brennan Center for Justice,https://www.brennancenter.org/issues/ensure-every-american-can-vote/voting-reform,"We led the way in developing and promoting automatic voter registration, in which eligible voters are automatically registered when they have contact with ...",,4,Democratic policies on expanding voting access,pro_democratic,democratic_perspective,2025-07-08T19:23:09.755047
A new study disproves Democrats' most cherished delusion,https://www.msnbc.com/opinion/msnbc-opinion/pew-stanford-study-voter-id-laws-colorado-democrats-rcna215935,"When everyone votes, Democrats win, as members of the party often say, and now it seemed like nearly everyone in Colorado would be able to vote.",,5,Democratic policies on expanding voting access,pro_democratic,democratic_perspective,2025-07-08T19:23:09.755050
Biden Can Expand Voting Access Through His Executive Order,https://www.aclu.org/news/voting-rights/biden-can-expand-voting-access-through-his-executive-order,"In the order, President Biden directed federal agencies to “consider ways to expand citizens' opportunities to register to vote and to obtain ...",,6,Democratic policies on expanding voting access,pro_democratic,democratic_perspective,2025-07-08T19:23:09.755053
Here's what's in the Democrats' democracy and voting rights agenda,https://www.usatoday.com/story/news/politics/elections/2024/09/16/democrats-voting-rights-agenda/75142530007/,"Democrats say voting rights are under attack, and that they will protect them if they win this year's elections. Here's what that would look ...",,7,Democratic policies on expanding voting access,pro_democratic,democratic_perspective,2025-07-08T19:23:09.755055
Expanding Voter Access | League of Women Voters,https://www.lwv.org/voting-rights/expanding-voter-access,"We fight to increase voters' access to the polls, including expanding early voting and automatic and online voter registration.",,8,Democratic policies on expanding voting access,pro_democratic,democratic_perspective,2025-07-08T19:23:09.755061
Republicans and Democrats Move Further Apart in Views of Voting ...,https://www.pewresearch.org/politics/2021/04/22/republicans-and-democrats-move-further-apart-in-views-of-voting-access/,"Declining shares of Republicans favor 'no excuse' absentee and early voting, automatically registering all eligible citizens to vote.",,9,Democratic policies on expanding voting access,pro_democratic,democratic_perspective,2025-07-08T19:23:09.755065
See which states are expanding — or restricting — voting rights,https://publicintegrity.org/politics/elections/who-counts/see-which-states-are-expanding-or-restricting-voting-rights/,Forty-seven new state laws expanding access to voting were enacted in 23 states — 13 of which are controlled by Democrats and four which have ...,,10,Democratic policies on expanding voting access,pro_democratic,democratic_perspective,2025-07-08T19:23:09.755067
The Origins and Evolution of Progressive Economics,https://www.americanprogress.org/article/the-origins-and-evolution-of-progressive-economics/,"On the theoretical side, progressive economics is primarily concerned with striking a proper balance between private and public action to ensure ...",,1,Progressive approach to economic equality,pro_democratic,democratic_perspective,2025-07-08T19:23:12.683984
What is Progressive Economics?,https://ecosocsrcc.com/what-is-progressive-economics/,"Progressive economy aims to advance social justice, promote equitable economic development that realises socio-economic rights, and ensure a ...",,2,Progressive approach to economic equality,pro_democratic,democratic_perspective,2025-07-08T19:23:12.684023
How to Fix Economic Inequality?,https://www.piie.com/microsites/how-fix-economic-inequality,"Outlines the rise of economic inequality in high-income countries, how policy failures have left millions vulnerable, and ways to fix it.",,3,Progressive approach to economic equality,pro_democratic,democratic_perspective,2025-07-08T19:23:12.684033
Do progressives protesting economic inequality favor ... - Quora,https://www.quora.com/Do-progressives-protesting-economic-inequality-favor-economic-equality,"Progressives in general wants society to move towards a “perfect society”. Exactly what that perfect society is, is usually more subjective.",,4,Progressive approach to economic equality,pro_democratic,democratic_perspective,2025-07-08T19:23:12.684036
Progressive redistribution without guilt: Using policy to shift ...,https://www.epi.org/publication/progressive-redistribution-without-guilt-using-policy-to-shift-economic-power-and-make-u-s-incomes-grow-fairer-and-faster/,Boosting income growth for the bottom 90 percent requires a policy agenda that explicitly aims to halt or reverse the rise in inequality in the United States ...,,5,Progressive approach to economic equality,pro_democratic,democratic_perspective,2025-07-08T19:23:12.684039
"The Left's Embrace of Authoritarian Policies to Achieve ""Equality""",https://www.heritage.org/progressivism/commentary/the-lefts-embrace-authoritarian-policies-achieve-equality,The progressive approach to equality has a name. It's called radical egalitarianism—the belief that all social and economic differences ...,,6,Progressive approach to economic equality,pro_democratic,democratic_perspective,2025-07-08T19:23:12.684043
Tackling Economic Inequality through Progressive Public Policy,https://moderndiplomacy.eu/2023/03/04/tackling-economic-inequality-through-progressive-public-policy-a-call-to-action/,"In light of this, policymakers must prioritize progressive public policy measures to tackle economic inequality. These measures should be ...",,7,Progressive approach to economic equality,pro_democratic,democratic_perspective,2025-07-08T19:23:12.684046
Redistribution of Income and Reducing Economic Inequality,https://www.imf.org/en/Publications/fandd/issues/2018/03/bourguignon,Strategies that promote greater equality and stronger growth rely on raising resources in a progressive way and spending them on programs that benefit the ...,,8,Progressive approach to economic equality,pro_democratic,democratic_perspective,2025-07-08T19:23:12.684052
Six policies to reduce economic inequality,https://belonging.berkeley.edu/six-policies-reduce-economic-inequality,1. Increase the minimum wage. · 2. Expand the Earned Income Tax. · 3. Build assets for working families. · 4. Invest in education. · 5. Make the tax ...,,9,Progressive approach to economic equality,pro_democratic,democratic_perspective,2025-07-08T19:23:12.684055
[PDF] Climate Justice & Democracy - MIT Environmental Solutions Initiative,https://environmentalsolutions.mit.edu/wp-content/uploads/2024/08/Climate-Justice-Democracy.pdf,"This module consists of 5 parts that introduce the connection between democracy and climate justice, consider the link between climate justice and voter ...",,1,Democratic climate policy and environmental justice,pro_democratic,democratic_perspective,2025-07-08T19:23:15.069214
Energy and Environment | Representative Nancy Pelosi - House.gov,http://pelosi.house.gov/issues/energy-and-environment,Democrats know that combating the climate crisis is a public health necessity to safeguard our clean air and clean water; an economic imperative to create good ...,,2,Democratic climate policy and environmental justice,pro_democratic,democratic_perspective,2025-07-08T19:23:15.069226
Environmental justice and climate change policies - PMC,https://pmc.ncbi.nlm.nih.gov/articles/PMC9391311/,Climate change is an environmental justice issue because it is likely to cause disproportionate harm to low-income countries and low-income populations in ...,,3,Democratic climate policy and environmental justice,pro_democratic,democratic_perspective,2025-07-08T19:23:15.069228
Climate Insights 2024: American Perceptions of Environmental Justice,https://www.rff.org/publications/reports/climate-insights-2024-american-perceptions-of-environmental-justice/,"70 percent of Democrats believe that climate change will disproportionately hurt lower-income people, compared to only 33 percent of ...",,4,Democratic climate policy and environmental justice,pro_democratic,democratic_perspective,2025-07-08T19:23:15.069229
Climate and Environment: Environmental Democracy,https://www.opengovpartnership.org/open-gov-guide/climate-and-environment-environmental-democracy/,Environmental democracy can provide necessary oversight to governmental and business activities that can negatively impact the environment.,,5,Democratic climate policy and environmental justice,pro_democratic,democratic_perspective,2025-07-08T19:23:15.069230
Our Policy Agenda - DNC Climate Council,https://www.dncclimate.org/policy-agenda,"The DNC Environment and Climate Crisis Council, a permanent entity of the DNC, was established to push the Democratic Party to take bold and urgent action.",,6,Democratic climate policy and environmental justice,pro_democratic,democratic_perspective,2025-07-08T19:23:15.069231
Democrats take on their problem climate policy - POLITICO,https://www.politico.com/newsletters/california-climate/2025/06/24/california-dems-take-on-their-problem-climate-policy-00422306,Senate Democrats are targeting California's climate and pollution regulations in the name of gas prices.,,7,Democratic climate policy and environmental justice,pro_democratic,democratic_perspective,2025-07-08T19:23:15.069232
Climate Change and Democracy | International IDEA,https://www.idea.int/theme/climate-change-and-democracy,The barriers to addressing climate change are primarily political: Our increasingly polarized societies fail to build the necessary consensus.,,8,Democratic climate policy and environmental justice,pro_democratic,democratic_perspective,2025-07-08T19:23:15.069233
Youth Perspectives on the Participatory Ideal of Environmental ...,https://www.brennancenter.org/our-work/analysis-opinion/youth-perspectives-participatory-ideal-environmental-democracy,"This commitment to ensuring that the public has input into decisions about climate policy is at the core of environmental democracy, a model ...",,9,Democratic climate policy and environmental justice,pro_democratic,democratic_perspective,2025-07-08T19:23:15.069234
Equitable & Just National Climate Platform,https://ajustclimate.org/,"This platform lays out a bold national climate policy agenda that advances the goals of economic, racial, climate, and environmental justice.",,10,Democratic climate policy and environmental justice,pro_democratic,democratic_perspective,2025-07-08T19:23:15.069235
"Diversity, Dynamism & Inclusion Project - College of Arts and Sciences",https://arts-sciences.buffalo.edu/philosophy-politics-economics/initiatives/templeton-grant.html,This project develops an integrated theory-to-practice understanding of liberal dynamism and the mechanisms of inclusion.,,1,Liberal framework for diversity and inclusion,pro_democratic,democratic_perspective,2025-07-08T19:23:17.395449
"Liberal vs anti-liberal conceptions of ""diversity""",https://iea.org.uk/liberal-vs-anti-liberal-conceptions-of-diversity/,"Advances in personal liberty in the free world advance equality and inclusion; capitalism is diverse, socialism a dictatorship of conformity.",,2,Liberal framework for diversity and inclusion,pro_democratic,democratic_perspective,2025-07-08T19:23:17.395459
"What is the stance of liberals on diversity, equity, and inclusion?",https://www.quora.com/What-is-the-stance-of-liberals-on-diversity-equity-and-inclusion,The stance is that they have certain groups of people who should have extra privileges because they are part of that group and those who are not ...,,3,Liberal framework for diversity and inclusion,pro_democratic,democratic_perspective,2025-07-08T19:23:17.395461
Liberal Perspectives on Inclusion - OAPEN Home,https://library.oapen.org/handle/20.500.12657/96934,"This book recognizes the fundamental role political values play in our understanding of inclusion in the classroom, providing a philosophical lens.",,4,Liberal framework for diversity and inclusion,pro_democratic,democratic_perspective,2025-07-08T19:23:17.395462
"Diversity, Equity, and Inclusion (DEI) - AllSides",https://www.allsides.com/translator/diversity-equity-and-inclusion-dei,"Therefore, the liberal left believes that a focus on DEI, usually through trainings and guidelines, is important in creating diverse, inclusive environments ...",,5,Liberal framework for diversity and inclusion,pro_democratic,democratic_perspective,2025-07-08T19:23:17.395463
Diversity & Inclusion - Liberal Democrats,https://www.libdems.org.uk/diversity,"Our commitment to Equality, Equity, Diversity and Inclusion. Our beliefs are founded on the idea of empowering people to live their lives in the way they want.",,6,Liberal framework for diversity and inclusion,pro_democratic,democratic_perspective,2025-07-08T19:23:17.395464
Liberal Multiculturalism versus Diversity | Global Perspectives,https://online.ucpress.edu/gp/article/4/1/87792/197322/Liberal-Multiculturalism-versus-Diversity,"This paper examines significant variation under the emancipation umbrella. In particular, I contrast liberal multiculturalism, as canonized by Will Kymlicka, ...",,7,Liberal framework for diversity and inclusion,pro_democratic,democratic_perspective,2025-07-08T19:23:17.395465
DEI was hijacked by liberal elites and that's why it didn't work,https://www.washingtontimes.com/news/2024/jul/23/dei-was-hijacked-by-liberal-elites-and-thats-why-i/,"Proponents of DEI are seeking to solve a genuine problem, but they are going about it the wrong way.",,8,Liberal framework for diversity and inclusion,pro_democratic,democratic_perspective,2025-07-08T19:23:17.395466
Liberal Perspectives on Inclusion: Enlightenment Values and ...,https://www.routledge.com/Liberal-Perspectives-on-Inclusion-Enlightenment-Values-and-Debates-on-Equity-and-Democracy-in-the-Classroom/Mintz/p/book/9781032279961?srsltid=AfmBOor6EONAcQwtnoA_7yQPXnYRWsziRblGD1SNvotdtGLPdVxsp3Cq,"The book argues for a re-framing of inclusion as a process of negotiation between teachers, parents, children and young people which involves a ...",,9,Liberal framework for diversity and inclusion,pro_democratic,democratic_perspective,2025-07-08T19:23:17.395467
Liberal Democracy and Illiberal Minorities - Politics and Rights Review,https://politicsrights.com/liberal-democracy-illiberal-minorities/,"Liberal multiculturalism aims to integrate diverse cultural and religious practices within a liberal democratic framework, promoting respect for ...",,10,Liberal framework for diversity and inclusion,pro_democratic,democratic_perspective,2025-07-08T19:23:17.395468
Universal Health Care Was Big on the 2020 Democratic Platform ...,https://truthout.org/articles/universal-health-care-was-big-on-the-2020-democratic-platform-where-is-it-now/,"Democrats pledge to continue to fight for the expansion of the Affordable Care Act (ACA), noting that, today, “more Americans have health ...",,1,Universal healthcare proposals from Democrats,pro_democratic,democratic_perspective,2025-07-08T19:23:19.542230
The Politics of Health Care and the 2024 Election - KFF,https://www.kff.org/health-policy-101-the-politics-of-health-care-and-the-2024-election/,"Health policy and politics are inextricably linked. Policy is about what the government can do to shift the financing, delivery, and quality of health care.",,2,Universal healthcare proposals from Democrats,pro_democratic,democratic_perspective,2025-07-08T19:23:19.542246
"Healthcare reform is important to US voters, study shows - PMC",https://pmc.ncbi.nlm.nih.gov/articles/PMC2206314/,"Democrats would emphasise public and private risk pools to increase coverage, whereas Republicans would rely more on individual insurance markets. The ...",,3,Universal healthcare proposals from Democrats,pro_democratic,democratic_perspective,2025-07-08T19:23:19.542250
Have Democrats basically abandoned universal healthcare? - Reddit,https://www.reddit.com/r/AskALiberal/comments/1ghy5ek/have_democrats_basically_abandoned_universal/,"No, universal healthcare is still a long term goal of the Democrats, like how dismantling social security is a long term goal of the Republicans ...",,4,Universal healthcare proposals from Democrats,pro_democratic,democratic_perspective,2025-07-08T19:23:19.542252
Medicare-for-all: Where Democrats stand on health-care issues,https://www.washingtonpost.com/graphics/politics/policy-2020/medicare-for-all/,"Some Democrats have called for the United States to achieve Medicare-for-all through a single-payer system, in which all Americans would be enrolled ...",,5,Universal healthcare proposals from Democrats,pro_democratic,democratic_perspective,2025-07-08T19:23:19.542254
Health Care | Representative Nancy Pelosi - House.gov,https://pelosi.house.gov/issues/health-care,"With our American Rescue Plan, Democrats expanded the promise of the Affordable Care Act to make health care more affordable and accessible than ever before ...",,6,Universal healthcare proposals from Democrats,pro_democratic,democratic_perspective,2025-07-08T19:23:19.542257
Democrats introduce Medicare for All Act in Congress - El Paso Times,https://www.elpasotimes.com/story/news/politics/2025/05/01/democrats-introduce-medicare-for-all-act-in-congress/83365702007/,"Democrats reintroduced the Medicare For All Act, aiming to establish universal healthcare coverage in the United States. The bill seeks to eliminate premiums, ...",,7,Universal healthcare proposals from Democrats,pro_democratic,democratic_perspective,2025-07-08T19:23:19.542259
The Politics of State-Based Single-Payer Proposals - PMC,https://pmc.ncbi.nlm.nih.gov/articles/PMC6775896/,"This ongoing policy challenge prompts an increasing cadre of progressive Democrats to call for a comprehensive overhaul of the nation's health care system, ...",,8,Universal healthcare proposals from Democrats,pro_democratic,democratic_perspective,2025-07-08T19:23:19.542261
Republican and Democratic platforms on health care - PNHP,https://pnhp.org/news/republican-and-democratic-platforms-on-health-care/,"Universal Health Care. We believe as Democrats that health care is a right, not a privilege, and our health care system should put people before profits.",,9,Universal healthcare proposals from Democrats,pro_democratic,democratic_perspective,2025-07-08T19:23:19.542264
"Jayapal, Dingell, Sanders Introduce Medicare for All Act of 2023",https://jayapal.house.gov/2023/05/17/jayapal-dingell-sanders-introduce-medicare-for-all-with-record-number-of-house-cosponsors/,The Medicare for All Act builds upon and expands Medicare to provide comprehensive benefits to every person in the United States.,,10,Universal healthcare proposals from Democrats,pro_democratic,democratic_perspective,2025-07-08T19:23:19.542266
Access to Health Care and Reproductive Freedom,http://democraticwomenscaucus.house.gov/issues/access-health-care-and-reproductive-freedom,"Thanks to the Affordable Care Act (ACA), more women and their families have insurance coverage to get the care they need. However, constant attacks on the ACA ...",,1,Democratic position on reproductive healthcare access,pro_democratic,democratic_perspective,2025-07-08T19:23:21.964777
Clear contrasts between the Democratic and Republican Parties ...,https://www.brookings.edu/articles/clear-contrasts-between-the-democratic-and-republican-parties-positions-on-reproductive-rights-and-health-care/,Democrat and Republican party platforms substantially differ in stances towards the issue of abortion rights.,,2,Democratic position on reproductive healthcare access,pro_democratic,democratic_perspective,2025-07-08T19:23:21.964802
What's at Stake in the 2024 Election for Women's Health,https://www.commonwealthfund.org/publications/explainer/2024/aug/whats-stake-2024-election-womens-health,"In the United States, women's access to health care — including abortion and reproductive services, which were significantly limited by the ...",,3,Democratic position on reproductive healthcare access,pro_democratic,democratic_perspective,2025-07-08T19:23:21.964807
7 Democratic lawmakers on the frontlines of the reproductive rights ...,http://democraticwhip.house.gov/newsroom/in-the-news/courier-7-democratic-lawmakers-frontlines-reproductive-rights-fight,"This Monday marks two years since the Supreme Court released the Dobbs decision that overturned Roe v. Wade, the 1973 ruling that protected ...",,4,Democratic position on reproductive healthcare access,pro_democratic,democratic_perspective,2025-07-08T19:23:21.964810
Democratic Party platform embraces reproductive rights,https://michiganindependent.com/politics/democratic-party-platform-reproductive-rights-abortion-election-2024-ivf-contraception/,The platform approved at the Democratic National Convention commits to restoring the rights affirmed in Roe v. Wade and protecting access to contraception.,,5,Democratic position on reproductive healthcare access,pro_democratic,democratic_perspective,2025-07-08T19:23:21.964813
How Kamala Harris Can Secure Federal Abortion Protection ... - ACLU,https://www.aclu.org/news/reproductive-freedom/how-kamala-harris-can-secure-federal-abortion-protection-once-and-for-all,The ACLU lays out our roadmap for protecting abortion access and advocating for improved reproductive health care protections under a ...,,6,Democratic position on reproductive healthcare access,pro_democratic,democratic_perspective,2025-07-08T19:23:21.964816
Repro Rights & Abortion Access,https://dems.ag/issue/abortion-rights/,Democratic AGs sprung into action to defend reproductive rights and abortion access in their states. Dem AGs will never stop fighting.,,7,Democratic position on reproductive healthcare access,pro_democratic,democratic_perspective,2025-07-08T19:23:21.964820
Harris v. Trump: Records and Positions on Reproductive Health - KFF,https://www.kff.org/womens-health-policy/issue-brief/harris-v-trump-records-and-positions-on-reproductive-health/,"This brief summarizes the positions, records, and potential priorities of the two major party candidates for the 2024 Presidential election ...",,8,Democratic position on reproductive healthcare access,pro_democratic,democratic_perspective,2025-07-08T19:23:21.964823
Democrats unite to center reproductive rights as Republicans flail on ...,https://www.theguardian.com/us-news/article/2024/sep/08/democrats-republicans-abortion-rights-election,"Harris campaign seeks to press advantage on powerful motivator, especially in states with abortion on the ballot.",,9,Democratic position on reproductive healthcare access,pro_democratic,democratic_perspective,2025-07-08T19:23:21.964826
MEMO: Democratic Pro-Choice Women Are Best Weapon in Fight ...,https://emilyslist.org/news/memo-democratic-pro-choice-women-are-best-weapon-in-fight-for-reproductive-freedom/,Democratic pro-choice women elected up and down the ballot have been on the frontlines protecting abortion access for people across the country.,,10,Democratic position on reproductive healthcare access,pro_democratic,democratic_perspective,2025-07-08T19:23:21.964838
Democrats and Republicans Starkly Divided on Immigration Policy,https://globalaffairs.org/research/public-opinion-survey/democrats-and-republicans-starkly-divided-immigration-policy,"Democrats also strongly support creating a pathway for immigrants currently in the country illegally to acquire US citizenship (85%), a core ...",,1,Immigration reform priorities under Democratic leadership,pro_democratic,democratic_perspective,2025-07-08T19:23:24.152652
"Pushed by public opinion shift, Democrats adopt immigration ... - NPR",https://www.npr.org/2024/10/29/nx-s1-5171441/democrats-shift-immigration,"Biden and the Democratic leadership changed its approach to immigration, focusing heavily on enforcement, restrictions, and punishments.",,2,Immigration reform priorities under Democratic leadership,pro_democratic,democratic_perspective,2025-07-08T19:23:24.152681
A New Immigration System To Safeguard America's Security ...,https://www.americanprogress.org/article/a-new-immigration-system-to-safeguard-americas-security-expand-economic-growth-and-make-us-stronger/,"Creating an earned, secure, and fair pathway to citizenship for undocumented immigrants who have contributed to their communities for a decade ...",,3,Immigration reform priorities under Democratic leadership,pro_democratic,democratic_perspective,2025-07-08T19:23:24.152685
"Where Republicans, Democrats differ on immigration policy priorities",https://www.pewresearch.org/short-reads/2022/09/08/republicans-and-democrats-have-different-top-priorities-for-u-s-immigration-policy/,"Seven-in-ten conservative and moderate Democrats say increasing border security should be a very or somewhat important goal, compared with 44% ...",,4,Immigration reform priorities under Democratic leadership,pro_democratic,democratic_perspective,2025-07-08T19:23:24.152688
New Democrat Coalition Immigration and Border Security Task ...,https://newdemocratcoalition.house.gov/media-center/press-releases/new-democrat-coalition-immigration-and-border-security-task-force-unveils_framework-for-commonsense-immigration-reform-calls-on-republicans-to-join-democrats-in-tackling-border-security,Establish a pathway for migrant farmworkers in the United States to earn legal status and make commonsense reforms to the H-2A visa program.,,5,Immigration reform priorities under Democratic leadership,pro_democratic,democratic_perspective,2025-07-08T19:23:24.152691
The Democrats and Immigration : Democracy Journal,https://democracyjournal.org/magazine/77/the-democrats-and-immigration/,"In 2006 and 2013, Senate Democrats passed bipartisan comprehensive immigration reform bills, both of which would have expanded legal immigration and created ...",,6,Immigration reform priorities under Democratic leadership,pro_democratic,democratic_perspective,2025-07-08T19:23:24.152694
Why Are Democrats Pro-Immigration When Many ... - Reddit,https://www.reddit.com/r/PoliticalDiscussion/comments/1gx5ve6/why_are_democrats_proimmigration_when_many/,"Democrats are generally seen as more pro-immigration, pushing for pathways to citizenship, DACA protections, and less restrictive immigration policies.",,7,Immigration reform priorities under Democratic leadership,pro_democratic,democratic_perspective,2025-07-08T19:23:24.152697
[PDF] The Evolution of Immigration Policy and Law Within the Democratic ...,https://repository.law.miami.edu/cgi/viewcontent.cgi?article=1427&context=umiclr,"13 There is an understanding, particularly among Democrats, that in order to achieve comprehensive immigration reform, the number of ...",,8,Immigration reform priorities under Democratic leadership,pro_democratic,democratic_perspective,2025-07-08T19:23:24.152700
Congressional Democrats Announce One of the Most Progressive ...,https://www.americanimmigrationcouncil.org/blog/immigration-reform-plan-biden-jayapal/,Progressive Democrats in the House of Representatives are gearing up to demand a comprehensive overhaul of the US immigration system.,,9,Immigration reform priorities under Democratic leadership,pro_democratic,democratic_perspective,2025-07-08T19:23:24.152702
The collapse of bipartisan immigration reform - Brookings Institution,https://www.brookings.edu/articles/the-collapse-of-bipartisan-immigration-reform-a-guide-for-the-perplexed/,"By the fall of 2023, Democrats were willing in principle to support a bill that focused entirely on border security without provisions to ...",,10,Immigration reform priorities under Democratic leadership,pro_democratic,democratic_perspective,2025-07-08T19:23:24.152705
Democrats and Republicans on K-12 education: A comparison,https://www.brookings.edu/articles/democrats-and-republicans-on-k-12-education-a-comparison/,"Substantively, the most important part of the Republican education platform might be its support for universal school choice. boy in classroom.",,1,Public education funding in Democratic platforms,pro_democratic,democratic_perspective,2025-07-08T19:23:26.817848
A Democratic Framework for An Abundance Education Agenda,https://dfer.org/2025/05/05/a-democratic-framework-for-an-abundance-education-agenda/,DFER is a national political organization that supports elected Democrats and candidates for office who seek to expand policies that improve ...,,2,Public education funding in Democratic platforms,pro_democratic,democratic_perspective,2025-07-08T19:23:26.817902
Where Does Kamala Harris Stand on Education? Inside the 2024 ...,https://www.edweek.org/policy-politics/where-does-kamala-harris-stand-on-education-inside-the-2024-democratic-platform/2024/08,"Democratic presidential nominee Vice President Kamala Harris hugs President Biden during the Democratic National Convention on Aug. 19, 2024, in ...",,3,Public education funding in Democratic platforms,pro_democratic,democratic_perspective,2025-07-08T19:23:26.817907
What the Democrats and Republicans stand for on education - ASCD,https://www.ascd.org/blogs/what-the-democrats-and-republicans-stand-for-on-education-excerpts-from-party-platforms,"At their national conventions last summer, the Democratic and Republican parties adopted their platforms, identifying the issues and elaborating ...",,4,Public education funding in Democratic platforms,pro_democratic,democratic_perspective,2025-07-08T19:23:26.817911
States in 'triage mode' over $6B in withheld K-12 funding,https://news.yahoo.com/states-triage-mode-over-6b-103055767.html,... public school in 2022. If states don't receive billions in congressionally approved funding for K-12 education that the Trump administration ...,,5,Public education funding in Democratic platforms,pro_democratic,democratic_perspective,2025-07-08T19:23:26.817915
Here's where Trump and Harris stand on 6 education issues - NPR,https://www.npr.org/2024/09/08/nx-s1-5103698/trump-harris-election-platforms-education-views,"As presidential candidates, Kamala Harris and Donald Trump don't have a lot in common when it comes to their views on education.",,6,Public education funding in Democratic platforms,pro_democratic,democratic_perspective,2025-07-08T19:23:26.817919
2024 Democratic Party Platform | The American Presidency Project,https://www.presidency.ucsb.edu/documents/2024-democratic-party-platform,"The stakes in this election are enormously high. President Biden and Vice President Harris took office during a time of global pandemic, record ...",,7,Public education funding in Democratic platforms,pro_democratic,democratic_perspective,2025-07-08T19:23:26.817923
Comparing the GOP Platform and Project 2025 on K–12 Education,https://www.educationnext.org/comparing-the-gop-platform-and-project-2025-on-k-12-education/,"But lines that differentiate these types of political organizations blur today as never before. This election year, Democrats are accusing ...",,8,Public education funding in Democratic platforms,pro_democratic,democratic_perspective,2025-07-08T19:23:26.817926
"Dem convention platform defends Education Department, Biden ...",https://thehill.com/homenews/education/4839568-dnc-convention-platform-chicago-education-department-student-loan-debt-biden-harris/,Democrats at their party's convention in Chicago have unveiled an education platform that combines old priorities with slams against ...,,9,Public education funding in Democratic platforms,pro_democratic,democratic_perspective,2025-07-08T19:23:26.817929
Democrats for Education Reform: Home,https://dfer.org/,DFER is a national political organization that supports elected Democrats and candidates for office who seek to expand policies that improve the quality of ...,,10,Public education funding in Democratic platforms,pro_democratic,democratic_perspective,2025-07-08T19:23:26.817933
Progressive wealth taxation - Brookings Institution,https://www.brookings.edu/articles/progressive-wealth-taxation/,"They estimate the wealth tax base is between 9 and 13 trillion dollars for a wealth tax applied to the 0.1% richest families, depending on the wealth ...",,1,Progressive taxation models for wealth distribution,pro_democratic,democratic_perspective,2025-07-08T19:23:28.966619
"[PDF] Progressive Wealth Taxation - University of California, Berkeley",https://eml.berkeley.edu/~saez/saez-zucmanBPEAoct19.pdf,"ABSTRACT This paper discusses the progressive taxation of household wealth. We first discuss what wealth is, how it is distributed, and how much.",,2,Progressive taxation models for wealth distribution,pro_democratic,democratic_perspective,2025-07-08T19:23:28.966652
Theme 3: Fairness in Taxes - Lesson 3: Progressive Taxes - IRS,https://apps.irs.gov/app/understandingTaxes/teacher/whys_thm03_les03.jsp,"The progressive principle, applied to our federal system of taxation, imposes a tax on wealth and income. Wealth includes assets such as houses, cars, stocks, ...",,3,Progressive taxation models for wealth distribution,pro_democratic,democratic_perspective,2025-07-08T19:23:28.966657
Taxing extreme wealth: what countries around the world could gain ...,https://taxjustice.net/reports/taxing-extreme-wealth-what-countries-around-the-world-could-gain-from-progressive-wealth-taxes/,"This paper presents country-level estimates for 172 countries on the revenue potential from implementing a moderate, progressive tax on net wealth.",,4,Progressive taxation models for wealth distribution,pro_democratic,democratic_perspective,2025-07-08T19:23:28.966660
[PDF] The Case for a Progressive Tax - MIT Economics,https://economics.mit.edu/sites/default/files/2022-09/jep.25.4.165.pdf,The fair distribution of the tax burden has long been a central issue in policy- making. A large academic literature has developed models of optimal tax.,,5,Progressive taxation models for wealth distribution,pro_democratic,democratic_perspective,2025-07-08T19:23:28.966663
"Progressive Tax: What It Is, Advantages and Disadvantages",https://www.investopedia.com/terms/p/progressivetax.asp,A progressive tax involves a tax rate that increases (or progresses) as taxable income increases. It imposes a lower tax rate on low-income earners.,,6,Progressive taxation models for wealth distribution,pro_democratic,democratic_perspective,2025-07-08T19:23:28.966666
Economic growth and inequality tradeoffs under progressive taxation,https://www.sciencedirect.com/science/article/abs/pii/S0165188922002172,This paper examines the sensitivity of the growth-inequality tradeoff to the progressivity of the tax structure.,,7,Progressive taxation models for wealth distribution,pro_democratic,democratic_perspective,2025-07-08T19:23:28.966668
[PDF] The Dynamics of Growth and Income Inequality under Progressive ...,https://econ.washington.edu/sites/econ/files/documents/research/jpet_2016.pdf,"This paper develops an endogenous growth model having a progres- sive income tax structure in which heterogeneous agents, who differ in terms of their rates of ...",,8,Progressive taxation models for wealth distribution,pro_democratic,democratic_perspective,2025-07-08T19:23:28.966671
Why isn't there More Support for Progressive Taxation of Wealth? A ...,https://ppr.lse.ac.uk/articles/10.31389/lseppr.65,There appears to be relatively little popular support for increased taxation of wealth. We argue that a sociological 'phenomenological' perspective of wealth ...,,9,Progressive taxation models for wealth distribution,pro_democratic,democratic_perspective,2025-07-08T19:23:28.966674
Gun Violence Prevention | Representative Nancy Pelosi - House.gov,http://pelosi.house.gov/issues/gun-violence-prevention,Gun Violence Prevention · Support for State Crisis Intervention Orders · Protections for Victims of Domestic Violence · Cracking Down on Gun Trafficking and Straw ...,,1,Democratic approach to gun violence prevention,pro_democratic,democratic_perspective,2025-07-08T19:23:31.180703
Democracy and Guns | Brady United,https://www.bradyunited.org/resources/issues/guns-and-democracy,We believe we can't prevent gun violence until we ensure everyone can fairly participate in our democracy.,,2,Democratic approach to gun violence prevention,pro_democratic,democratic_perspective,2025-07-08T19:23:31.180740
Democrats and their changing views on gun control - NPR,https://www.npr.org/2024/08/21/nx-s1-5068695/democrats-and-their-changing-views-on-gun-control,"These days, you don't often hear Democrats talk about gun control. The phrase you hear is freedom from violence. Perhaps it's not a coincidence ...",,3,Democratic approach to gun violence prevention,pro_democratic,democratic_perspective,2025-07-08T19:23:31.180745
Guns & Democracy - Giffords.org,https://giffords.org/issues/guns-democracy/,The American people are demanding an end to gun violence. This means electing representatives ready and willing to stand up for lifesaving gun laws. Learn More.,,4,Democratic approach to gun violence prevention,pro_democratic,democratic_perspective,2025-07-08T19:23:31.180749
Gun Violence Prevention - California Democratic Party,https://cadem.org/issues/gun-violence-prevention/,"Support legislation that would prohibit those with a history of violence, domestic abuse, or mental health concerns from purchasing or owning a weapon of any ...",,5,Democratic approach to gun violence prevention,pro_democratic,democratic_perspective,2025-07-08T19:23:31.180756
How Democrats found a new approach to violent crime - Vox,https://www.vox.com/politics/373588/democrats-violence-crime-gun-control,"It also helps, Ludwig says, that researchers have gotten much better at understanding what works — beyond gun control — to reduce gun violence ...",,6,Democratic approach to gun violence prevention,pro_democratic,democratic_perspective,2025-07-08T19:23:31.180759
What Does the Democrat Party Platform Say About Gun Rights?,https://www.americas1stfreedom.org/content/what-does-the-democrat-party-platform-say-about-gun-rights/,"“And, because the gun violence epidemic is a public health crisis, we will fund gun violence research across the Centers for Disease Control [ ...",,7,Democratic approach to gun violence prevention,pro_democratic,democratic_perspective,2025-07-08T19:23:31.180763
Our Policy Plan - March For Our Lives,https://marchforourlives.org/policy-plan/,"Our approach to ending gun violence heavily emphasizes firearm access, which we know is the number one predictor of gun violence in any community—the ease ...",,8,Democratic approach to gun violence prevention,pro_democratic,democratic_perspective,2025-07-08T19:23:31.180766
Advocacy | Center for Gun Violence Solutions,https://publichealth.jhu.edu/center-for-gun-violence-solutions/advocacy,Key priorities · Supporting states to pass firearm purchaser licensing laws · Passing firearm removal laws · Addressing community gun violence · Prioritizing ...,,9,Democratic approach to gun violence prevention,pro_democratic,democratic_perspective,2025-07-08T19:23:31.180768
Gun Safety | Congressman Bobby Scott - House.gov,http://bobbyscott.house.gov/issues/gun-safety,"Congressman Scott is a vice-chair of the House Democratic Caucus Gun Violence Prevention Task Force, which was convened by House Speaker Nancy Pelosi.",,10,Democratic approach to gun violence prevention,pro_democratic,democratic_perspective,2025-07-08T19:23:31.180771
Democrats reintroduce Equality Act for LGBTQ rights - The Hill,https://thehill.com/homenews/lgbtq/5273207-democrats-equality-act-lgbtq-rights-takano-baldwin/,"House and Senate Democrats on Tuesday reintroduced the Equality Act, a landmark civil rights bill that would make sexual orientation and gender identity ...",,1,LGBTQ+ rights legislation supported by Democrats,pro_democratic,democratic_perspective,2025-07-08T19:23:33.476720
Democratic Promises for LGBTQ+ Rights in the 2024 Platform,https://translash.org/articles/heres-what-democrats-promise-to-do-for-lgbtq-people-in-their-2024-platform/,Here's what Democrats promise to do for LGBTQ+ people in their 2024 platform · Equality Act · Health care discrimination · Health care coverage.,,2,LGBTQ+ rights legislation supported by Democrats,pro_democratic,democratic_perspective,2025-07-08T19:23:33.476747
Advocate: Democrats reintroduce Equality Act as Trump escalates ...,http://democraticwhip.house.gov/newsroom/in-the-news/advocate-democrats-reintroduce-equality-act-trump-escalates-war-lgbtq,"Congressional Democrats reintroduced the Equality Act on Tuesday, reviving a long-running effort to enshrine federal protections against discrimination.",,3,LGBTQ+ rights legislation supported by Democrats,pro_democratic,democratic_perspective,2025-07-08T19:23:33.476752
Sherman and House Dems reintroduce Equality Act as Trump ...,http://sherman.house.gov/media-center/press-releases/sherman-and-house-dems-reintroduce-equality-act-trump-escalates-war,Congressman Brad Sherman and Congressional Democrats reintroduced the Equality Act that enshrines federal protections against discrimination ...,,4,LGBTQ+ rights legislation supported by Democrats,pro_democratic,democratic_perspective,2025-07-08T19:23:33.476755
Ohio Democrats unveil bills for LGBTQ+ rights | 10tv.com,https://www.10tv.com/article/news/local/ohio-democrats-introduce-lgbtq-rights-legislation-response-to-gop-bills/530-c8c7425b-b2e0-4e43-8512-899b1e6c2527,"The bills include proposals to ban conversion therapy, protect marriage equality and ensure basic civil rights.",,5,LGBTQ+ rights legislation supported by Democrats,pro_democratic,democratic_perspective,2025-07-08T19:23:33.476757
House Democrats Host Press Conference Celebrating Pride Month ...,https://ohiohouse.gov/news/democratic/house-democrats-host-press-conference-celebrating-pride-month-opposes-anti-lgbtq-legislation-133588,"We're introducing legislation that protects LGBTQ+ people, affirms their dignity, and defends their right to be who they are.” The members and ...",,6,LGBTQ+ rights legislation supported by Democrats,pro_democratic,democratic_perspective,2025-07-08T19:23:33.476760
Should Democrats Abandon Support for LGBTQ/DEI to Win Back the ...,https://www.reddit.com/r/PoliticalDiscussion/comments/1i6clwk/should_democrats_abandon_support_for_lgbtqdei_to/,"The Democrats have been pushing hard on issues like support for the LGBTQ community and Diversity, Equity, and Inclusion (DEI) initiatives.",,7,LGBTQ+ rights legislation supported by Democrats,pro_democratic,democratic_perspective,2025-07-08T19:23:33.476763
LGBTQ+ Adults Do Not Feel Safe and Do Not Think the Democratic ...,https://www.dataforprogress.org/blog/2023/6/8/lgbtq-adults-do-not-feel-safe-and-do-not-think-the-democratic-party-is-doing-enough-to-protect-their-rights,More than 40 percent of transgender adults have considered moving as a result of anti-LGBTQ+ legislation in their state.,,8,LGBTQ+ rights legislation supported by Democrats,pro_democratic,democratic_perspective,2025-07-08T19:23:33.476766
Ohio Democrats introduce LGBTQ+ rights legislation in ... - YouTube,https://www.youtube.com/watch?v=BmybY7fVqxs,Ohio Democrats unveil legislation protecting LGBTQ+ rights ... Ohio Democrats introduce LGBTQ+ rights legislation in response to GOP-backed bills.,,9,LGBTQ+ rights legislation supported by Democrats,pro_democratic,democratic_perspective,2025-07-08T19:23:33.476769
2024 Democratic platform emphasizes economic case for climate ...,https://thehill.com/policy/energy-environment/4837190-2024-democratic-platform-economic-case-climate-action/,"The 2024 Democratic Party platform makes a case for action against climate change as economic populism, a sharp contrast to Republican arguments that it would ...",,1,Democratic environmental regulations and green economy,pro_democratic,democratic_perspective,2025-07-08T19:23:35.724324
What is the Democrats' Position on Global Warming? - Greenly,https://greenly.earth/en-us/blog/ecology-news/what-is-the-democrats-position-on-global-warming,Democrats are widely concerned about climate change and closely follow science to remain informed about the ongoing development of global warming.,,2,Democratic environmental regulations and green economy,pro_democratic,democratic_perspective,2025-07-08T19:23:35.724357
Our Policy Agenda - DNC Climate Council,https://www.dncclimate.org/policy-agenda,"A comprehensive set of climate and environmental policies for the Democratic Party. ... green economy with millions of new, family-sustaining jobs.",,3,Democratic environmental regulations and green economy,pro_democratic,democratic_perspective,2025-07-08T19:23:35.724361
Assessing the Environmental Policy Impacts due to the 2024 ...,https://www.trinityconsultants.com/news/assessing-the-environmental-policy-impacts-due-to-the-2024-federal-elections,"The Democratic Party champions innovative technologies and sustainable agriculture, aiming to bolster economic growth and reduce emissions.",,4,Democratic environmental regulations and green economy,pro_democratic,democratic_perspective,2025-07-08T19:23:35.724365
Climate and Environment: Environmental Democracy,https://www.opengovpartnership.org/open-gov-guide/climate-and-environment-environmental-democracy/,Environmental democracy can provide necessary oversight to governmental and business activities that can negatively impact the environment.,,5,Democratic environmental regulations and green economy,pro_democratic,democratic_perspective,2025-07-08T19:23:35.724368
Environmental commitments in different types of democracies,https://www.sciencedirect.com/science/article/pii/S0959378022000619,"We find that democracies with stronger deliberative features adopt more, but not necessarily stricter or more effective, environmental policies.",,6,Democratic environmental regulations and green economy,pro_democratic,democratic_perspective,2025-07-08T19:23:35.724372
Democrats Reject Republican Bill that Guts Environmental ...,http://democrats-appropriations.house.gov/news/press-releases/democrats-reject-republican-bill-guts-environmental-protections-slashes,"Republicans Endanger Americans' Health While Profiting Polluters in 2025 Interior, Environment Funding Bill.",,7,Democratic environmental regulations and green economy,pro_democratic,democratic_perspective,2025-07-08T19:23:35.724375
"On climate change, Democrats much more concerned than ...",https://www.pewresearch.org/short-reads/2020/02/28/more-americans-see-climate-change-as-a-priority-but-democrats-are-much-more-concerned-than-republicans/,"By contrast, a large majority of liberal Democrats (81%) say climate change policies have net benefits for the environment. Similarly, in a 2018 ...",,8,Democratic environmental regulations and green economy,pro_democratic,democratic_perspective,2025-07-08T19:23:35.724378
Green New Deal - Wikipedia,https://en.wikipedia.org/wiki/Green_New_Deal,"Green New Deal (GND) calls for public policy to address climate change, along with achieving other social aims like job creation, economic growth, and reducing ...",,9,Democratic environmental regulations and green economy,pro_democratic,democratic_perspective,2025-07-08T19:23:35.724381
Record Party Gap on Environment-Economic Growth Tradeoff,https://news.gallup.com/poll/474218/record-party-gap-environment-economic-growth-tradeoff.aspx,Seventy-eight percent of Democrats and 20% of Republicans believe environmental protection should be prioritized over economic growth.,,10,Democratic environmental regulations and green economy,pro_democratic,democratic_perspective,2025-07-08T19:23:35.724384
The Changes to the Democrats' Criminal Justice Platform | TIME,https://time.com/7014604/changes-to-democrats-criminal-justice-platform/,The Democrats adopted little-noticed but significant changes to criminal justice language in their official 2024 party platform.,,1,Criminal justice reform from Democratic perspective,pro_democratic,democratic_perspective,2025-07-08T19:23:37.979407
New Polling Confirms Ongoing Support for Criminal Justice Reform ...,https://www.fwd.us/news/new-polling-confirms-ongoing-support-for-criminal-justice-reform-ahead-of-november-2024-election/,"A significant 81% of likely voters support criminal justice reform, with a third ""strongly"" in favor. This support transcends political affiliations.",,2,Criminal justice reform from Democratic perspective,pro_democratic,democratic_perspective,2025-07-08T19:23:37.979434
Harris vs. Trump on criminal justice - Duke Chronicle,https://www.dukechronicle.com/article/2024/09/duke-university-presidential-preview-criminal-justice-donald-trump-kamala-harris-reform-tough-on-crime-progressive-prosecutor,While Democrats have leaned toward promoting criminal justice reform policies in the wake of the May 2020 killing of George Floyd and other ...,,3,Criminal justice reform from Democratic perspective,pro_democratic,democratic_perspective,2025-07-08T19:23:37.979438
Criminal Justice - California Democratic Party,https://cadem.org/issues/criminal-justice/,"California Democrats are committed to public safety, while supporting a criminal justice system that provides fair and equitable treatment for all.",,4,Criminal justice reform from Democratic perspective,pro_democratic,democratic_perspective,2025-07-08T19:23:37.979442
The Democratic Platform Heads in Right Direction on Criminal ...,https://www.aclu.org/news/racial-justice/the-democratic-platform-heads-in-right-direction-on-criminal-justice-but-still-misses-the-moment,"Barry Goldwater was the first national politician to focus on criminal justice issues as part of a presidential election, invoking tough-on- ...",,5,Criminal justice reform from Democratic perspective,pro_democratic,democratic_perspective,2025-07-08T19:23:37.979445
Post-Election 2024: The Continued Unraveling of Criminal Justice ...,https://www.cbcfinc.org/blog/post-election-2024-the-continued-unraveling-of-criminal-justice-reform/,"These outcomes provide insight into the current state of criminal justice reform and the political landscape moving forward. ... prison spending, ...",,6,Criminal justice reform from Democratic perspective,pro_democratic,democratic_perspective,2025-07-08T19:23:37.979448
"""Manifesto of Democratic Criminal Justice"" by Joshua Kleinfeld",https://scholarlycommons.law.northwestern.edu/nulr/vol111/iss6/1/,As the opening piece of this Symposium Issue of the Northwestern University Law Review—a symposium not just about democratizing criminal justice but in defense ...,,7,Criminal justice reform from Democratic perspective,pro_democratic,democratic_perspective,2025-07-08T19:23:37.979451
Democratizing Criminal Law as an Abolitionist Project,https://scholarship.law.upenn.edu/faculty_scholarship/2492/,"The criminal justice system currently functions to exclude black people from full political participation. Myriad institutions, laws, and definitions within ...",,8,Criminal justice reform from Democratic perspective,pro_democratic,democratic_perspective,2025-07-08T19:23:37.979454
Where Do the Candidates Stand on Criminal Justice Reform?,https://thephiladelphiacitizen.org/where-do-the-candidates-stand-on-criminal-justice-reform/,"Harris ran to the left of Biden on criminal justice reform, proposing an expanded clemency program, a new federal board to review police shootings, and the ...",,9,Criminal justice reform from Democratic perspective,pro_democratic,democratic_perspective,2025-07-08T19:23:37.979457
How Democrats found a new approach to violent crime - Vox,https://www.vox.com/politics/373588/democrats-violence-crime-gun-control,"The change reflects a broader shift in thinking among Democrats and their nonpartisan allies who work in violence reduction, criminal justice, ...",,10,Criminal justice reform from Democratic perspective,pro_democratic,democratic_perspective,2025-07-08T19:23:37.979460
Democrats Reintroduce Sweeping Bill To Strengthen Unions,http://bobbyscott.house.gov/media-center/in-the-news/democrats-reintroduce-sweeping-bill-strengthen-unions,"Congressional Democrats on Wednesday reintroduced the Protecting the Right to Organize Act, or PRO Act, a sweeping bill aimed at boosting union membership ...",,1,Democratic labor policy and union protections,pro_democratic,democratic_perspective,2025-07-08T19:23:40.110958
The Future of Labor and the Democratic Party - OnLabor,https://onlabor.org/the-future-of-labor-and-the-democratic-party/,Our results found that unionized workers were significantly more likely to vote for Kamala Harris than their non-union counterparts.,,2,Democratic labor policy and union protections,pro_democratic,democratic_perspective,2025-07-08T19:23:40.110986
[PDF] Democratic Party Platform Section on Labor Unions: | HPAE,https://www.hpae.org/wp-content/uploads/2016/07/Platforms-Unions.pdf,"Democrats will make it easier for workers, public and private, to exercise their right to organize and join unions. We will fight to pass laws that direct the ...",,3,Democratic labor policy and union protections,pro_democratic,democratic_perspective,2025-07-08T19:23:40.110990
Bipartisan Labor Leaders Introduce Bill to Protect Workers' Right to ...,https://bobbyscott.house.gov/media-center/press-releases/bipartisan-labor-leaders-introduce-bill-protect-workers-right-0,"The PRO Act restores fairness to the economy by strengthening the federal law that protects workers' right to join a union and bargain for higher pay, better ...",,4,Democratic labor policy and union protections,pro_democratic,democratic_perspective,2025-07-08T19:23:40.110993
The Law - National Labor Relations Board,https://www.nlrb.gov/about-nlrb/rights-we-protect/the-law,The NLRA protects workplace democracy by providing employees at private-sector workplaces the fundamental right to seek better working conditions.,,5,Democratic labor policy and union protections,pro_democratic,democratic_perspective,2025-07-08T19:23:40.110996
Democrats Seek to Protect Workers from Anti-Union Captive ...,https://www.lexisnexis.com/community/insights/legal/capitol-journal/b/state-net/posts/democrats-seek-to-protect-workers-from-anti-union-captive-audience-meetings,Illinois became the latest state to prohibit employers from making their workers attend anti-union captive audience meetings.,,6,Democratic labor policy and union protections,pro_democratic,democratic_perspective,2025-07-08T19:23:40.110999
8 Ways the Biden Administration Has Fought for Working People by ...,https://www.americanprogressaction.org/article/8-ways-the-biden-administration-has-fought-for-working-people-by-strengthening-unions/,"The Biden administration is using its legislative, regulatory, and administrative powers to support unions and working people.",,7,Democratic labor policy and union protections,pro_democratic,democratic_perspective,2025-07-08T19:23:40.111001
Labor and Democracy - Center for Labor and a Just Economy,https://clje.law.harvard.edu/labor-and-democracy/,The Center for Labor and a Just Economy at Harvard Law School has launched a project to explore the role of labor in legitimizing and defending democracy.,,8,Democratic labor policy and union protections,pro_democratic,democratic_perspective,2025-07-08T19:23:40.111004
Top Democrats Introduce Bill to Protect Workers' Right to Organize ...,https://www.help.senate.gov/dem/newsroom/press/top-democrats-introduce-bill-to-protect-workers-right-to-organize-and-make-our-economy-work-for-everyone,The PRO Act would reverse years of attacks on unions and restore fairness to the economy by strengthening the federal laws that protect workers' ...,,9,Democratic labor policy and union protections,pro_democratic,democratic_perspective,2025-07-08T19:23:40.111007
"To Secure Worker Rights, We Must Fix Our Democracy - Inequality.org",https://inequality.org/article/to-secure-worker-rights-we-must-fix-our-democracy/,"Gerrymandering and the filibuster are holding back wage increases, the right to unionize, and other benefits for workers.",,10,Democratic labor policy and union protections,pro_democratic,democratic_perspective,2025-07-08T19:23:40.111010
Study: Widespread disapproval of federal interventions in science ...,https://www.rochester.edu/newscenter/study-widespread-disapproval-trump-administrations-interventions-659112/,A new report based on a sweeping national survey finds Americans are deeply concerned about the government interventions in science and health ...,,1,Science-based public health initiatives by Democrats,pro_democratic,democratic_perspective,2025-07-08T19:23:42.381152
Trump Team Dismantles Efforts to Find a Cure for Cancer and Other ...,http://democrats-appropriations.house.gov/news/press-releases/trump-team-dismantles-efforts-find-cure-cancer-and-other-deadly-disorders-and,President Trump's Administration is imposing a new policy to cap indirect costs for National Institutes of Health (NIH) research grants at 15 percent.,,2,Science-based public health initiatives by Democrats,pro_democratic,democratic_perspective,2025-07-08T19:23:42.381183
New Politics and Health Lab Aims to Depolarize Public Health | SPH,https://www.bu.edu/sph/news/articles/2025/new-politics-and-health-lab-aims-to-depolarize-public-health/,"Led by Matt Motta and Tim Callaghan, the lab aims to thwart the rapidly increasing politicization of public health by developing evidence-based data and ...",,3,Science-based public health initiatives by Democrats,pro_democratic,democratic_perspective,2025-07-08T19:23:42.381191
The role of health and health systems in shaping political ...,https://pmc.ncbi.nlm.nih.gov/articles/PMC12144495/,We review decades of interdisciplinary research to describe how health and health systems are linked to democratic trust and engagement.,,4,Science-based public health initiatives by Democrats,pro_democratic,democratic_perspective,2025-07-08T19:23:42.381195
Focus on Function 550 – Health,http://democrats-budget.house.gov/focus-function-550-health-0,"Function 550 (Health) consists of programs that keep Americans healthy and safe, separated into three categories: health care services, health research and ...",,5,Science-based public health initiatives by Democrats,pro_democratic,democratic_perspective,2025-07-08T19:23:42.381198
"Democrats spar with RFK Jr. over health agenda at hearing: ""People ...",https://www.cbsnews.com/news/rfk-jr-budget-hearing-highlights/,The Trump administration has already made cuts to funding for research at the National Institutes of Health and other resource and treatment ...,,6,Science-based public health initiatives by Democrats,pro_democratic,democratic_perspective,2025-07-08T19:23:42.381201
Making Health Policy Through State Ballot Initiatives,https://www.healthaffairs.org/do/10.1377/hpb20240821.364598/,We reviewed all 534 referenda and constitutional amendment ballot initiatives that passed between 2014 and 2023 to identify the proportion and ...,,7,Science-based public health initiatives by Democrats,pro_democratic,democratic_perspective,2025-07-08T19:23:42.381204
Exploring Democratic Deliberation in Public Health,https://ajph.aphapublications.org/doi/10.2105/AJPH.2024.307998,Democratic deliberation refers to a method of public engagement in which people from different backgrounds come together in a formal dialogue.,,8,Science-based public health initiatives by Democrats,pro_democratic,democratic_perspective,2025-07-08T19:23:42.381207
Resources - Healthy Democracy Healthy People,https://healthydemocracyhealthypeople.org/resources/,Healthy Democracy Healthy People collaborated with several partners in both the public health and civic participation sectors to create a list of evidence based ...,,9,Science-based public health initiatives by Democrats,pro_democratic,democratic_perspective,2025-07-08T19:23:42.381210
Compare Trump and Harris Health Care Records and Positions - KFF,https://www.kff.org/compare-2024-candidates-health-care-policy/,Proposes to accelerate Medicare price negotiation of drugs (the Democratic platform calls for 50 drugs per year) and extend $35 insulin copay ...,,10,Science-based public health initiatives by Democrats,pro_democratic,democratic_perspective,2025-07-08T19:23:42.381213
